Run,Dataset,Classifier,Classifier_accuracy,Classifier_time,DESFH_accuracy,DESFH_time,EnsemblePruneFH_accuracy,EnsemblePruneFH_time,Number_of_hyperboxes,Ensemble_members_removed
1,pima,BaggingClassifier,0.68229,0.02556,0.68229,0.21054,0.70312,0.04004,96,6
1,pima,RandomForestClassifier,0.75521,0.01401,0.75521,0.23109,0.72917,0.05005,95,4
1,pima,AdaBoostClassifier,0.75521,0.01401,0.75,0.42967,0.59375,0.05905,104,9
1,wdbc,BaggingClassifier,0.96503,0.03116,0.96503,0.00836,0.96503,0.00601,28,0
1,wdbc,RandomForestClassifier,0.97902,0.01701,0.97902,0.00801,0.97902,0.005,29,0
1,wdbc,AdaBoostClassifier,0.96503,0.01802,0.9021,0.1111,0.9021,0.03003,64,0
1,sonar,BaggingClassifier,0.73077,0.02337,0.73077,0.02602,0.73077,0.04304,153,0
1,sonar,RandomForestClassifier,0.78846,0.01201,0.78846,0.02502,0.78846,0.04104,145,0
1,sonar,AdaBoostClassifier,0.67308,0.01501,0.71154,0.03003,0.71154,0.04504,152,0
1,transfusion,BaggingClassifier,0.70149,0.01802,0.70149,0.1081,0.6791,0.01201,42,1
1,transfusion,RandomForestClassifier,0.70149,0.01301,0.70149,0.09509,0.68657,0.01301,41,1
1,transfusion,AdaBoostClassifier,0.73134,0.01001,0.73134,0.17416,0.71642,0.01489,39,5
1,monk,BaggingClassifier,0.70861,0.01902,0.70861,0.15614,0.70861,0.31917,437,0
1,monk,RandomForestClassifier,0.72185,0.01201,0.72185,0.15614,0.72185,0.37963,460,0
1,monk,AdaBoostClassifier,0.59603,0.01401,0.52318,0.40737,0.52318,0.76983,616,0
1,adult,BaggingClassifier,0.84604,23.25942,0.8462,300.0405,0.8462,16.93542,1977,0
1,adult,RandomForestClassifier,0.84891,4.59218,0.84899,290.55625,0.84899,16.01358,1927,0
1,adult,AdaBoostClassifier,0.84866,14.77045,0.82276,1080.83495,0.82276,36.3269,2750,0
1,cardiotocography,BaggingClassifier,0.86578,0.10009,0.86578,0.52936,0.86578,0.3486,351,0
1,cardiotocography,RandomForestClassifier,0.862,0.02903,0.862,1.0671,0.862,0.56351,468,0
1,cardiotocography,AdaBoostClassifier,0.72023,0.05305,0.23251,8.6519,0.23251,2.86328,950,0
1,dermatology,BaggingClassifier,0.94565,0.02002,0.94565,0.00601,0.94565,0.00601,59,0
1,dermatology,RandomForestClassifier,0.91304,0.01101,0.91304,0.01201,0.91304,0.02202,114,0
1,dermatology,AdaBoostClassifier,0.67391,0.01702,0.53261,0.20218,0.53261,0.34019,418,0
1,glass,BaggingClassifier,0.7037,0.01902,0.7037,0.03203,0.7037,0.01101,44,0
1,glass,RandomForestClassifier,0.68519,0.01201,0.68519,0.03403,0.68519,0.01401,49,0
1,glass,AdaBoostClassifier,0.44444,0.01201,0.44444,0.07607,0.44444,0.02602,58,0
1,haberman,BaggingClassifier,0.68493,0.01501,0.68493,0.03803,0.65753,0.01501,47,1
1,haberman,RandomForestClassifier,0.71233,0.01201,0.71233,0.03703,0.71233,0.01501,52,0
1,haberman,AdaBoostClassifier,0.72603,0.01201,0.65753,0.07106,0.65753,0.01802,56,0
1,ilpd,BaggingClassifier,0.65035,0.01902,0.65035,0.16615,0.65035,0.04104,82,0
1,ilpd,RandomForestClassifier,0.67133,0.01401,0.67133,0.12712,0.67133,0.03003,85,0
1,ilpd,AdaBoostClassifier,0.6993,0.01301,0.61538,0.27212,0.61538,0.06806,105,0
1,ionosphere,BaggingClassifier,0.93182,0.02502,0.93182,0.00501,0.93182,0.00801,54,0
1,ionosphere,RandomForestClassifier,0.94318,0.01401,0.94318,0.00901,0.94318,0.01201,74,0
1,ionosphere,AdaBoostClassifier,0.88636,0.02202,0.79545,0.04704,0.79545,0.06506,180,0
1,telescope,BaggingClassifier,0.86461,0.74283,0.86461,44.27028,0.80474,0.67043,218,9
1,telescope,RandomForestClassifier,0.86968,0.26224,0.86968,47.80003,0.8113,0.64423,219,9
1,telescope,AdaBoostClassifier,0.80432,0.12111,0.75587,166.99741,0.57753,1.79649,340,9
1,mammographic_mass,BaggingClassifier,0.68794,0.01701,0.69504,0.11611,0.69504,0.02903,72,0
1,mammographic_mass,RandomForestClassifier,0.71631,0.01289,0.7234,0.13913,0.7234,0.03103,74,0
1,mammographic_mass,AdaBoostClassifier,0.77305,0.01301,0.56028,0.18617,0.56028,0.03832,84,0
1,german_credit,BaggingClassifier,0.704,0.02803,0.704,0.38222,0.704,0.28054,353,0
1,german_credit,RandomForestClassifier,0.668,0.01702,0.668,0.37734,0.668,0.25517,356,0
1,german_credit,AdaBoostClassifier,0.728,0.01501,0.564,0.74087,0.564,0.45849,430,0
1,heart,BaggingClassifier,0.73529,0.01501,0.73529,0.01301,0.73529,0.02602,134,0
1,heart,RandomForestClassifier,0.70588,0.01001,0.70588,0.01301,0.70588,0.02803,141,0
1,heart,AdaBoostClassifier,0.75,0.01101,0.70588,0.03103,0.70588,0.06393,183,0
1,satellite,BaggingClassifier,0.89497,0.43027,0.89497,4.12062,0.89497,0.32815,204,0
1,satellite,RandomForestClassifier,0.89807,0.09376,0.89807,4.52207,0.89807,0.35037,203,0
1,satellite,AdaBoostClassifier,0.60099,0.13312,0.40336,82.50966,0.40336,1.54818,339,0
1,vehicle,BaggingClassifier,0.70283,0.02702,0.70283,0.25623,0.70283,0.11539,169,0
1,vehicle,RandomForestClassifier,0.70283,0.01601,0.70283,0.29427,0.70283,0.1051,167,0
1,vehicle,AdaBoostClassifier,0.51887,0.01702,0.32547,1.03307,0.32547,0.24923,238,0
1,vertebral_column,BaggingClassifier,0.82051,0.01501,0.82051,0.01702,0.82051,0.004,20,0
1,vertebral_column,RandomForestClassifier,0.84615,0.01001,0.84615,0.02102,0.84615,0.006,26,0
1,vertebral_column,AdaBoostClassifier,0.76923,0.01001,0.74359,0.04204,0.79487,0.00901,38,1
1,wine,BaggingClassifier,0.93333,0.01501,0.93333,0.004,0.93333,0.004,32,0
1,wine,RandomForestClassifier,0.93333,0.01201,0.93333,0.004,0.93333,0.005,38,0
1,wine,AdaBoostClassifier,0.91111,0.01401,0.88889,0.02302,0.88889,0.01501,67,0
2,pima,BaggingClassifier,0.69792,0.02302,0.69792,0.2405,0.69271,0.05505,111,7
2,pima,RandomForestClassifier,0.70833,0.01301,0.70833,0.2242,0.71875,0.05405,103,8
2,pima,AdaBoostClassifier,0.68229,0.01401,0.67708,0.41732,0.47396,0.07307,129,7
2,wdbc,BaggingClassifier,0.95804,0.02803,0.95804,0.01101,0.95804,0.00701,38,0
2,wdbc,RandomForestClassifier,0.94406,0.01401,0.94406,0.01029,0.94406,0.00701,38,0
2,wdbc,AdaBoostClassifier,0.95105,0.01802,0.95105,0.08908,0.95105,0.03503,82,0
2,sonar,BaggingClassifier,0.82692,0.0213,0.82692,0.01601,0.82692,0.03203,134,0
2,sonar,RandomForestClassifier,0.86538,0.01101,0.86538,0.01802,0.86538,0.03303,137,0
2,sonar,AdaBoostClassifier,0.76923,0.01401,0.73077,0.03003,0.73077,0.05605,166,0
2,transfusion,BaggingClassifier,0.61194,0.01601,0.65672,0.10009,0.6194,0.01201,29,3
2,transfusion,RandomForestClassifier,0.6791,0.01301,0.67164,0.1141,0.64179,0.01001,34,7
2,transfusion,AdaBoostClassifier,0.71642,0.01101,0.53731,0.16915,0.53731,0.01301,39,1
2,monk,BaggingClassifier,0.60265,0.01902,0.60265,0.17416,0.60265,0.41732,508,0
2,monk,RandomForestClassifier,0.74834,0.01301,0.74834,0.14213,0.74834,0.32449,472,0
2,monk,AdaBoostClassifier,0.62252,0.01401,0.62252,0.29827,0.62252,0.59461,589,0
2,adult,BaggingClassifier,0.84981,21.80472,0.84981,293.48174,0.84981,17.61203,2052,0
2,adult,RandomForestClassifier,0.84924,4.77635,0.84924,285.72686,0.84924,17.2467,2031,0
2,adult,AdaBoostClassifier,0.84481,15.00166,0.78939,1384.92018,0.78939,36.07622,3144,0
2,cardiotocography,BaggingClassifier,0.87335,0.1051,0.87335,0.54543,0.87335,0.35552,343,0
2,cardiotocography,RandomForestClassifier,0.8431,0.03503,0.8431,1.22244,0.8431,0.68794,475,0
2,cardiotocography,AdaBoostClassifier,0.55388,0.04688,0.55009,9.6244,0.55009,3.0853,854,0
2,dermatology,BaggingClassifier,0.95652,0.01601,0.95652,0.003,0.95652,0.005,56,0
2,dermatology,RandomForestClassifier,1.0,0.01001,1.0,0.00701,1.0,0.01401,92,0
2,dermatology,AdaBoostClassifier,0.79348,0.01401,0.63043,0.18811,0.63043,0.36352,449,0
2,glass,BaggingClassifier,0.75926,0.01501,0.75926,0.02021,0.75926,0.00801,34,0
2,glass,RandomForestClassifier,0.74074,0.01201,0.74074,0.03003,0.74074,0.01001,48,0
2,glass,AdaBoostClassifier,0.51852,0.01101,0.31481,0.07707,0.31481,0.02302,63,0
2,haberman,BaggingClassifier,0.69863,0.01401,0.69863,0.03303,0.68493,0.01601,54,4
2,haberman,RandomForestClassifier,0.65753,0.01101,0.65753,0.03303,0.63014,0.01201,56,1
2,haberman,AdaBoostClassifier,0.73973,0.01001,0.73973,0.06406,0.61644,0.01702,54,3
2,ilpd,BaggingClassifier,0.6014,0.01802,0.6014,0.12912,0.6014,0.04504,86,0
2,ilpd,RandomForestClassifier,0.69231,0.01201,0.69231,0.14013,0.69231,0.04004,81,0
2,ilpd,AdaBoostClassifier,0.6014,0.01301,0.65734,0.24422,0.65734,0.09008,98,0
2,ionosphere,BaggingClassifier,0.95455,0.02502,0.95455,0.01501,0.95455,0.02602,113,0
2,ionosphere,RandomForestClassifier,0.96591,0.01301,0.96591,0.01702,0.96591,0.02702,112,0
2,ionosphere,AdaBoostClassifier,0.94318,0.01501,0.86364,0.06005,0.86364,0.07006,174,0
2,telescope,BaggingClassifier,0.85953,0.75702,0.85953,43.69215,0.81151,0.73167,221,9
2,telescope,RandomForestClassifier,0.86313,0.27125,0.86313,46.28462,0.79014,0.64223,217,9
2,telescope,AdaBoostClassifier,0.78633,0.12311,0.81024,181.87481,0.71927,1.37325,298,9
2,mammographic_mass,BaggingClassifier,0.74468,0.01702,0.73759,0.09108,0.73759,0.03103,91,0
2,mammographic_mass,RandomForestClassifier,0.69504,0.01301,0.68085,0.12812,0.68085,0.03911,93,0
2,mammographic_mass,AdaBoostClassifier,0.75887,0.01101,0.75177,0.21345,0.75177,0.03224,106,0
2,german_credit,BaggingClassifier,0.7,0.02502,0.7,0.31936,0.7,0.3131,401,0
2,german_credit,RandomForestClassifier,0.72,0.01563,0.72,0.37541,0.72,0.34378,400,0
2,german_credit,AdaBoostClassifier,0.676,0.01563,0.596,0.67231,0.596,0.46879,455,0
2,heart,BaggingClassifier,0.82353,0.02002,0.82353,0.01401,0.82353,0.03911,138,0
2,heart,RandomForestClassifier,0.85294,0.01201,0.85294,0.04604,0.85294,0.05005,173,0
2,heart,AdaBoostClassifier,0.80882,0.01001,0.82353,0.03503,0.82353,0.06231,184,0
2,satellite,BaggingClassifier,0.89807,0.38032,0.89807,4.629,0.89807,0.32329,196,0
2,satellite,RandomForestClassifier,0.90926,0.08221,0.90926,4.90033,0.90926,0.40786,212,0
2,satellite,AdaBoostClassifier,0.57489,0.15626,0.32194,73.00051,0.32194,1.49685,337,0
2,vehicle,BaggingClassifier,0.74528,0.02728,0.74528,0.2534,0.74528,0.10938,157,0
2,vehicle,RandomForestClassifier,0.73113,0.01563,0.73113,0.31291,0.73113,0.10938,159,0
2,vehicle,AdaBoostClassifier,0.59434,0.01563,0.5566,0.98483,0.5566,0.25002,233,0
2,vertebral_column,BaggingClassifier,0.76923,0.01122,0.76923,0.01562,0.76923,0.0,21,0
2,vertebral_column,RandomForestClassifier,0.71795,0.01563,0.71795,0.01563,0.71795,0.01563,31,0
2,vertebral_column,AdaBoostClassifier,0.69231,0.0,0.58974,0.07813,0.58974,0.0,35,0
2,wine,BaggingClassifier,0.97778,0.0,0.97778,0.01563,0.97778,0.0,24,0
2,wine,RandomForestClassifier,0.93333,0.01563,0.93333,0.0,0.93333,0.0,23,0
2,wine,AdaBoostClassifier,0.8,0.01563,0.53333,0.03125,0.53333,0.0,58,0
3,pima,BaggingClassifier,0.73958,0.01563,0.73958,0.18751,0.77083,0.04688,88,9
3,pima,RandomForestClassifier,0.73438,0.01563,0.73438,0.2504,0.69271,0.04688,107,6
3,pima,AdaBoostClassifier,0.76562,0.01563,0.77083,0.39104,0.74479,0.06251,111,5
3,wdbc,BaggingClassifier,0.94406,0.01563,0.94406,0.01563,0.94406,0.0,29,0
3,wdbc,RandomForestClassifier,0.93706,0.01563,0.93706,0.01563,0.93706,0.0,30,0
3,wdbc,AdaBoostClassifier,0.96503,0.01563,0.97203,0.10938,0.97203,0.03125,69,0
3,sonar,BaggingClassifier,0.71154,0.01563,0.71154,0.04726,0.71154,0.03125,137,0
3,sonar,RandomForestClassifier,0.75,0.01563,0.75,0.01563,0.75,0.04688,138,0
3,sonar,AdaBoostClassifier,0.75,0.01563,0.65385,0.03125,0.65385,0.04688,152,0
3,transfusion,BaggingClassifier,0.64925,0.01563,0.64925,0.09376,0.64925,0.0,33,3
3,transfusion,RandomForestClassifier,0.67164,0.0,0.6791,0.09376,0.6791,0.01563,37,4
3,transfusion,AdaBoostClassifier,0.73134,0.01563,0.63433,0.20352,0.71642,0.01563,36,7
3,monk,BaggingClassifier,0.65563,0.03125,0.65563,0.14064,0.65563,0.2969,459,0
3,monk,RandomForestClassifier,0.69536,0.0,0.69536,0.14064,0.69536,0.32815,463,0
3,monk,AdaBoostClassifier,0.62252,0.0,0.50993,0.28127,0.50993,0.64067,651,0
3,adult,BaggingClassifier,0.84907,21.01708,0.84916,292.66953,0.84916,18.86017,2159,0
3,adult,RandomForestClassifier,0.85162,4.68527,0.85162,292.477,0.85162,19.62487,2103,0
3,adult,AdaBoostClassifier,0.85186,15.81039,0.8112,1136.70291,0.8112,38.25441,2995,0
3,cardiotocography,BaggingClassifier,0.862,0.09376,0.862,0.54692,0.862,0.39065,372,0
3,cardiotocography,RandomForestClassifier,0.87335,0.03125,0.87335,1.06193,0.87335,0.58153,487,0
3,cardiotocography,AdaBoostClassifier,0.43478,0.05105,0.27788,8.47809,0.27788,2.87783,909,0
3,dermatology,BaggingClassifier,0.95652,0.01563,0.95652,0.0,0.95652,0.0,39,0
3,dermatology,RandomForestClassifier,0.96739,0.01563,0.96739,0.01563,0.96739,0.01563,91,0
3,dermatology,AdaBoostClassifier,0.23913,0.01563,0.17391,0.23439,0.17391,0.45316,534,0
3,glass,BaggingClassifier,0.74074,0.01563,0.74074,0.01563,0.74074,0.01563,51,0
3,glass,RandomForestClassifier,0.77778,0.01563,0.77778,0.03125,0.77778,0.0,47,0
3,glass,AdaBoostClassifier,0.42593,0.0,0.2963,0.04688,0.2963,0.03125,75,0
3,haberman,BaggingClassifier,0.68493,0.01563,0.68493,0.03125,0.68493,0.01563,52,0
3,haberman,RandomForestClassifier,0.65753,0.01563,0.65753,0.01563,0.67123,0.01563,47,2
3,haberman,AdaBoostClassifier,0.69863,0.01563,0.69863,0.06251,0.71233,0.01563,65,1
3,ilpd,BaggingClassifier,0.66434,0.01563,0.66434,0.12501,0.66434,0.03125,98,0
3,ilpd,RandomForestClassifier,0.66434,0.0,0.66434,0.15626,0.66434,0.05366,97,0
3,ilpd,AdaBoostClassifier,0.65035,0.01301,0.39161,0.3194,0.39161,0.06422,123,0
3,ionosphere,BaggingClassifier,0.89773,0.01563,0.89773,0.01563,0.89773,0.01563,98,0
3,ionosphere,RandomForestClassifier,0.89773,0.01563,0.89773,0.0,0.89773,0.03125,105,0
3,ionosphere,AdaBoostClassifier,0.92045,0.01563,0.88636,0.04688,0.88636,0.06728,184,0
3,telescope,BaggingClassifier,0.8589,0.70792,0.8589,42.20129,0.81595,0.69163,221,9
3,telescope,RandomForestClassifier,0.8718,0.23021,0.8718,46.92488,0.79903,0.70264,225,9
3,telescope,AdaBoostClassifier,0.80051,0.12311,0.81066,193.17109,0.70658,1.38026,317,9
3,mammographic_mass,BaggingClassifier,0.73759,0.01601,0.75177,0.10409,0.75177,0.02602,79,0
3,mammographic_mass,RandomForestClassifier,0.75177,0.01101,0.74468,0.09409,0.74468,0.03103,84,0
3,mammographic_mass,AdaBoostClassifier,0.78723,0.01301,0.70213,0.18517,0.70213,0.04404,91,0
3,german_credit,BaggingClassifier,0.712,0.02502,0.712,0.46642,0.712,0.40862,440,0
3,german_credit,RandomForestClassifier,0.708,0.01401,0.708,0.44841,0.708,0.37867,427,0
3,german_credit,AdaBoostClassifier,0.732,0.01702,0.584,0.73086,0.584,0.49645,453,0
3,heart,BaggingClassifier,0.83824,0.01401,0.83824,0.02002,0.83824,0.04504,162,0
3,heart,RandomForestClassifier,0.85294,0.01201,0.85294,0.02202,0.85294,0.04104,157,0
3,heart,AdaBoostClassifier,0.88235,0.00179,0.83824,0.04452,0.83824,0.06906,190,0
3,satellite,BaggingClassifier,0.89062,0.41754,0.89062,4.45409,0.89062,0.31167,194,0
3,satellite,RandomForestClassifier,0.88937,0.07976,0.88937,4.69017,0.88937,0.37711,201,0
3,satellite,AdaBoostClassifier,0.68241,0.11677,0.39963,74.70027,0.39963,1.69154,370,0
3,vehicle,BaggingClassifier,0.73585,0.03125,0.73585,0.28127,0.73585,0.10938,176,0
3,vehicle,RandomForestClassifier,0.75,0.01563,0.75,0.28127,0.75,0.10938,169,0
3,vehicle,AdaBoostClassifier,0.42453,0.01563,0.40566,0.97022,0.40566,0.26353,248,0
3,vertebral_column,BaggingClassifier,0.85897,0.01511,0.85897,0.01544,0.85897,0.004,24,0
3,vertebral_column,RandomForestClassifier,0.79487,0.00908,0.79487,0.02481,0.79487,0.01011,33,1
3,vertebral_column,AdaBoostClassifier,0.70513,0.0111,0.74359,0.08057,0.71795,0.01237,35,2
3,wine,BaggingClassifier,0.97778,0.0151,0.97778,0.002,0.97778,0.00203,24,0
3,wine,RandomForestClassifier,0.93333,0.01107,0.93333,0.00403,0.93333,0.003,31,0
3,wine,AdaBoostClassifier,0.88889,0.01109,0.68889,0.0171,0.68889,0.00907,57,0
4,pima,BaggingClassifier,0.72917,0.01912,0.72917,0.18759,0.71875,0.04843,92,6
4,pima,RandomForestClassifier,0.74479,0.0141,0.74479,0.20037,0.76562,0.04528,101,4
4,pima,AdaBoostClassifier,0.74479,0.01407,0.70833,0.42482,0.64583,0.05234,111,9
4,wdbc,BaggingClassifier,0.91608,0.0272,0.91608,0.00915,0.91608,0.00604,36,0
4,wdbc,RandomForestClassifier,0.93706,0.0141,0.93706,0.00703,0.93706,0.00504,30,0
4,wdbc,AdaBoostClassifier,0.93706,0.01814,0.95804,0.03824,0.95804,0.0151,55,0
4,sonar,BaggingClassifier,0.69231,0.02418,0.69231,0.01609,0.69231,0.0302,121,0
4,sonar,RandomForestClassifier,0.76923,0.01307,0.76923,0.01613,0.76923,0.02514,109,0
4,sonar,AdaBoostClassifier,0.82692,0.01613,0.59615,0.02414,0.59615,0.03828,138,0
4,transfusion,BaggingClassifier,0.68657,0.01611,0.69403,0.11071,0.66418,0.0151,37,1
4,transfusion,RandomForestClassifier,0.69403,0.01307,0.70896,0.10469,0.69403,0.01311,34,1
4,transfusion,AdaBoostClassifier,0.73134,0.01107,0.71642,0.15806,0.5,0.01306,31,3
4,monk,BaggingClassifier,0.7351,0.0151,0.7351,0.16609,0.7351,0.32306,468,0
4,monk,RandomForestClassifier,0.69536,0.01006,0.69536,0.17915,0.69536,0.34125,475,0
4,monk,AdaBoostClassifier,0.66225,0.01311,0.51656,0.27229,0.51656,0.64105,626,0
4,adult,BaggingClassifier,0.84727,24.33301,0.84727,299.50352,0.84727,17.36881,2030,0
4,adult,RandomForestClassifier,0.85309,5.14769,0.85309,301.8145,0.85309,17.07254,2000,0
4,adult,AdaBoostClassifier,0.84547,15.17882,0.78923,1383.39608,0.78923,33.53539,3178,0
4,cardiotocography,BaggingClassifier,0.85822,0.09968,0.85822,0.43471,0.85822,0.27977,331,0
4,cardiotocography,RandomForestClassifier,0.84499,0.02813,0.84499,1.04325,0.84499,0.61712,466,0
4,cardiotocography,AdaBoostClassifier,0.7259,0.05237,0.4518,9.66432,0.4518,2.92741,858,0
4,dermatology,BaggingClassifier,0.96739,0.01709,0.96739,0.00503,0.96739,0.00906,75,0
4,dermatology,RandomForestClassifier,0.93478,0.01007,0.93478,0.00906,0.93478,0.01711,106,0
4,dermatology,AdaBoostClassifier,0.70652,0.0141,0.53261,0.15897,0.53261,0.28073,424,0
4,glass,BaggingClassifier,0.64815,0.01409,0.64815,0.0272,0.64815,0.01006,60,0
4,glass,RandomForestClassifier,0.62963,0.01006,0.62963,0.02317,0.62963,0.01004,51,0
4,glass,AdaBoostClassifier,0.37037,0.01006,0.48148,0.062,0.48148,0.02114,71,0
4,haberman,BaggingClassifier,0.67123,0.01307,0.67123,0.03119,0.63014,0.01108,56,3
4,haberman,RandomForestClassifier,0.65753,0.00906,0.65753,0.02114,0.65753,0.01007,50,0
4,haberman,AdaBoostClassifier,0.71233,0.01213,0.63014,0.08969,0.73973,0.0141,56,4
4,ilpd,BaggingClassifier,0.6993,0.01813,0.6993,0.10523,0.6993,0.03266,84,0
4,ilpd,RandomForestClassifier,0.70629,0.01107,0.70629,0.09368,0.70629,0.03118,86,0
4,ilpd,AdaBoostClassifier,0.71329,0.01107,0.70629,0.24326,0.70629,0.05536,107,0
4,ionosphere,BaggingClassifier,0.95455,0.02113,0.95455,0.01211,0.95455,0.01709,90,0
4,ionosphere,RandomForestClassifier,0.93182,0.01306,0.93182,0.01111,0.93182,0.01609,87,0
4,ionosphere,AdaBoostClassifier,0.93182,0.0151,0.85227,0.03217,0.85227,0.05037,177,0
4,telescope,BaggingClassifier,0.86736,0.68655,0.86736,45.63102,0.8022,0.58076,187,9
4,telescope,RandomForestClassifier,0.86397,0.23321,0.86397,48.65345,0.79966,0.67161,216,9
4,telescope,AdaBoostClassifier,0.81109,0.12511,0.81172,191.93697,0.70721,1.50137,314,9
4,mammographic_mass,BaggingClassifier,0.7305,0.0171,0.7305,0.10766,0.7305,0.03221,77,0
4,mammographic_mass,RandomForestClassifier,0.69504,0.01307,0.68794,0.11867,0.68794,0.03824,84,0
4,mammographic_mass,AdaBoostClassifier,0.80142,0.01306,0.75887,0.17911,0.75887,0.04123,90,0
4,german_credit,BaggingClassifier,0.7,0.02514,0.7,0.44484,0.7,0.38855,412,0
4,german_credit,RandomForestClassifier,0.724,0.0171,0.724,0.45093,0.724,0.41568,411,0
4,german_credit,AdaBoostClassifier,0.708,0.01608,0.548,0.75371,0.548,0.54127,464,0
4,heart,BaggingClassifier,0.77941,0.01608,0.77941,0.02416,0.77941,0.05435,180,0
4,heart,RandomForestClassifier,0.79412,0.01107,0.79412,0.02617,0.79412,0.05435,181,0
4,heart,AdaBoostClassifier,0.79412,0.01207,0.82353,0.04123,0.82353,0.07647,203,0
4,satellite,BaggingClassifier,0.89683,0.40348,0.89683,5.23845,0.89683,0.39783,193,0
4,satellite,RandomForestClassifier,0.8931,0.11179,0.8931,5.48038,0.8931,0.33531,190,0
4,satellite,AdaBoostClassifier,0.55003,0.13212,0.33872,73.22782,0.33872,1.63549,374,0
4,vehicle,BaggingClassifier,0.6934,0.0302,0.6934,0.26278,0.6934,0.12078,167,0
4,vehicle,RandomForestClassifier,0.6934,0.01713,0.6934,0.29797,0.6934,0.12076,174,0
4,vehicle,AdaBoostClassifier,0.58491,0.01714,0.38679,1.09322,0.38679,0.30302,247,0
4,vertebral_column,BaggingClassifier,0.75641,0.01511,0.75641,0.01611,0.75641,0.00504,19,0
4,vertebral_column,RandomForestClassifier,0.80769,0.01211,0.80769,0.02516,0.80769,0.00704,30,0
4,vertebral_column,AdaBoostClassifier,0.69231,0.01207,0.74359,0.07652,0.76923,0.01209,30,3
4,wine,BaggingClassifier,0.93333,0.0151,0.93333,0.00302,0.93333,0.003,36,0
4,wine,RandomForestClassifier,0.93333,0.01107,0.93333,0.00403,0.93333,0.00503,37,0
4,wine,AdaBoostClassifier,1.0,0.01107,0.95556,0.01911,0.95556,0.01207,54,0
5,pima,BaggingClassifier,0.73958,0.02113,0.73958,0.1852,0.74479,0.05737,114,4
5,pima,RandomForestClassifier,0.72917,0.01406,0.72917,0.19427,0.69792,0.06139,112,5
5,pima,AdaBoostClassifier,0.72396,0.01309,0.74479,0.40261,0.65625,0.07451,119,7
5,wdbc,BaggingClassifier,0.93007,0.02517,0.93007,0.00704,0.93007,0.00503,23,0
5,wdbc,RandomForestClassifier,0.90909,0.0131,0.90909,0.00807,0.90909,0.00503,24,0
5,wdbc,AdaBoostClassifier,0.8951,0.0181,0.88811,0.08858,0.88811,0.03323,64,0
5,sonar,BaggingClassifier,0.71154,0.02218,0.71154,0.02213,0.71154,0.03826,135,0
5,sonar,RandomForestClassifier,0.78846,0.01209,0.78846,0.0171,0.78846,0.02516,106,0
5,sonar,AdaBoostClassifier,0.69231,0.01511,0.63462,0.03622,0.63462,0.0594,148,0
5,transfusion,BaggingClassifier,0.67164,0.0161,0.67164,0.14794,0.67164,0.0131,34,0
5,transfusion,RandomForestClassifier,0.6791,0.01308,0.68657,0.11382,0.68657,0.0131,30,0
5,transfusion,AdaBoostClassifier,0.73134,0.0121,0.70896,0.17208,0.72388,0.0141,32,2
5,monk,BaggingClassifier,0.68212,0.01814,0.68212,0.20935,0.68212,0.37656,467,0
5,monk,RandomForestClassifier,0.7351,0.01408,0.7351,0.17415,0.7351,0.38646,439,0
5,monk,AdaBoostClassifier,0.63576,0.01309,0.62914,0.33331,0.62914,0.6596,608,0
5,adult,BaggingClassifier,0.84596,22.83512,0.84588,289.69983,0.84588,17.4669,2048,0
5,adult,RandomForestClassifier,0.85145,4.96552,0.85145,286.78718,0.85145,17.62705,1996,0
5,adult,AdaBoostClassifier,0.84907,15.2669,0.77349,1423.88159,0.77349,32.03295,3270,0
5,cardiotocography,BaggingClassifier,0.85633,0.09309,0.85633,0.42839,0.85633,0.28826,324,0
5,cardiotocography,RandomForestClassifier,0.87524,0.02903,0.87524,1.01993,0.87524,0.60455,458,0
5,cardiotocography,AdaBoostClassifier,0.47448,0.05505,0.17769,9.97908,0.17769,3.09582,891,0
5,dermatology,BaggingClassifier,0.96739,0.02002,0.96739,0.002,0.96739,0.004,38,0
5,dermatology,RandomForestClassifier,0.96739,0.01301,0.96739,0.01101,0.96739,0.01601,90,0
5,dermatology,AdaBoostClassifier,0.68478,0.01702,0.67391,0.2222,0.67391,0.41137,473,0
5,glass,BaggingClassifier,0.7037,0.01702,0.7037,0.03003,0.7037,0.01501,64,0
5,glass,RandomForestClassifier,0.74074,0.01301,0.74074,0.02502,0.74074,0.01401,63,0
5,glass,AdaBoostClassifier,0.51852,0.01201,0.37037,0.07407,0.37037,0.02402,78,0
5,haberman,BaggingClassifier,0.72603,0.01501,0.73973,0.05505,0.73973,0.01702,49,4
5,haberman,RandomForestClassifier,0.72603,0.01201,0.73973,0.04304,0.72603,0.01501,49,3
5,haberman,AdaBoostClassifier,0.78082,0.01201,0.73973,0.06406,0.71233,0.01702,49,5
5,ilpd,BaggingClassifier,0.67133,0.02002,0.67133,0.20318,0.67133,0.04804,81,0
5,ilpd,RandomForestClassifier,0.65734,0.01401,0.65734,0.17316,0.65734,0.04604,85,0
5,ilpd,AdaBoostClassifier,0.66434,0.01401,0.60839,0.35032,0.60839,0.08007,118,0
5,ionosphere,BaggingClassifier,0.89773,0.02402,0.89773,0.00701,0.89773,0.01401,84,0
5,ionosphere,RandomForestClassifier,0.90909,0.01301,0.90909,0.01201,0.90909,0.02502,115,0
5,ionosphere,AdaBoostClassifier,0.875,0.01601,0.80682,0.04504,0.80682,0.06806,189,0
5,telescope,BaggingClassifier,0.86186,0.72066,0.86186,41.49578,0.80389,0.7677,210,9
5,telescope,RandomForestClassifier,0.86715,0.2356,0.86715,45.62223,0.7931,0.79186,211,9
5,telescope,AdaBoostClassifier,0.8113,0.12411,0.80749,190.59122,0.58557,1.58244,312,9
5,mammographic_mass,BaggingClassifier,0.68794,0.01702,0.69504,0.08308,0.69504,0.02702,71,0
5,mammographic_mass,RandomForestClassifier,0.70922,0.01301,0.70213,0.08308,0.70213,0.02402,67,0
5,mammographic_mass,AdaBoostClassifier,0.76596,0.01201,0.67376,0.19818,0.67376,0.04204,95,0
5,german_credit,BaggingClassifier,0.704,0.02602,0.704,0.39536,0.704,0.38135,414,0
5,german_credit,RandomForestClassifier,0.72,0.01601,0.72,0.38535,0.72,0.35933,399,0
5,german_credit,AdaBoostClassifier,0.732,0.01702,0.484,0.83276,0.484,0.56451,479,0
5,heart,BaggingClassifier,0.76471,0.01501,0.76471,0.02402,0.76471,0.05105,178,0
5,heart,RandomForestClassifier,0.75,0.01101,0.75,0.02402,0.75,0.05305,177,0
5,heart,AdaBoostClassifier,0.72059,0.01201,0.69118,0.04504,0.69118,0.09008,221,0
5,satellite,BaggingClassifier,0.88378,0.42238,0.88378,4.32193,0.88378,0.35432,219,0
5,satellite,RandomForestClassifier,0.89186,0.08408,0.89186,4.5001,0.89186,0.34932,205,0
5,satellite,AdaBoostClassifier,0.76694,0.12211,0.59913,73.49361,0.59913,1.68043,368,0
5,vehicle,BaggingClassifier,0.70283,0.03003,0.70283,0.28426,0.70283,0.1061,161,0
5,vehicle,RandomForestClassifier,0.71698,0.01601,0.71698,0.3343,0.71698,0.13512,183,0
5,vehicle,AdaBoostClassifier,0.60849,0.01702,0.43396,1.099,0.43396,0.28826,240,0
5,vertebral_column,BaggingClassifier,0.83333,0.01601,0.83333,0.01501,0.83333,0.005,20,0
5,vertebral_column,RandomForestClassifier,0.80769,0.01201,0.80769,0.02502,0.80769,0.00601,24,0
5,vertebral_column,AdaBoostClassifier,0.52564,0.01201,0.39744,0.08308,0.39744,0.01001,20,0
5,wine,BaggingClassifier,0.93333,0.01501,0.93333,0.00601,0.93333,0.00601,43,0
5,wine,RandomForestClassifier,0.97778,0.01201,0.97778,0.004,0.97778,0.004,34,0
5,wine,AdaBoostClassifier,0.93333,0.01201,0.91111,0.02202,0.91111,0.03803,58,0
6,pima,BaggingClassifier,0.79167,0.02202,0.79167,0.19818,0.76042,0.05005,98,6
6,pima,RandomForestClassifier,0.76562,0.01401,0.76562,0.23421,0.71354,0.05505,107,4
6,pima,AdaBoostClassifier,0.79167,0.01301,0.70312,0.45842,0.60417,0.07707,118,7
6,wdbc,BaggingClassifier,0.92308,0.02602,0.92308,0.00901,0.92308,0.005,31,0
6,wdbc,RandomForestClassifier,0.92308,0.01301,0.92308,0.00701,0.92308,0.005,29,0
6,wdbc,AdaBoostClassifier,0.90909,0.01802,0.91608,0.1091,0.91608,0.03203,71,0
6,sonar,BaggingClassifier,0.75,0.02302,0.75,0.02002,0.75,0.03003,117,0
6,sonar,RandomForestClassifier,0.75,0.01201,0.75,0.02002,0.75,0.03103,124,0
6,sonar,AdaBoostClassifier,0.67308,0.01501,0.65385,0.03303,0.65385,0.05305,159,0
6,transfusion,BaggingClassifier,0.67164,0.01601,0.6791,0.10109,0.64925,0.01401,32,3
6,transfusion,RandomForestClassifier,0.66418,0.01201,0.66418,0.10009,0.66418,0.01201,26,1
6,transfusion,AdaBoostClassifier,0.75373,0.01201,0.64925,0.19117,0.71642,0.01702,39,4
6,monk,BaggingClassifier,0.64238,0.01802,0.64238,0.20018,0.64238,0.45241,522,0
6,monk,RandomForestClassifier,0.72185,0.01301,0.72185,0.15514,0.72185,0.37534,471,0
6,monk,AdaBoostClassifier,0.62914,0.01301,0.64901,0.30728,0.64901,0.6616,615,0
6,adult,BaggingClassifier,0.84153,22.97463,0.84161,296.32614,0.84161,18.26663,2096,0
6,adult,RandomForestClassifier,0.84547,4.79436,0.84547,292.91476,0.84547,17.27473,2054,0
6,adult,AdaBoostClassifier,0.84809,15.05226,0.79488,1313.58777,0.79488,31.72264,3161,0
6,cardiotocography,BaggingClassifier,0.87146,0.09359,0.86957,0.50415,0.86957,0.33715,350,0
6,cardiotocography,RandomForestClassifier,0.86957,0.02917,0.86957,0.99546,0.86957,0.59471,451,0
6,cardiotocography,AdaBoostClassifier,0.48015,0.05836,0.23251,10.22162,0.23251,3.17506,921,0
6,dermatology,BaggingClassifier,0.95652,0.01913,0.95652,0.00302,0.95652,0.00603,49,0
6,dermatology,RandomForestClassifier,0.94565,0.01206,0.94565,0.00805,0.94565,0.01406,89,0
6,dermatology,AdaBoostClassifier,0.81522,0.01609,0.6413,0.18418,0.6413,0.36427,458,0
6,glass,BaggingClassifier,0.7963,0.01511,0.7963,0.03223,0.7963,0.01306,58,0
6,glass,RandomForestClassifier,0.77778,0.01209,0.77778,0.03621,0.77778,0.01509,66,0
6,glass,AdaBoostClassifier,0.55556,0.01209,0.35185,0.07744,0.35185,0.02415,78,0
6,haberman,BaggingClassifier,0.63014,0.01407,0.63014,0.03423,0.63014,0.01007,46,0
6,haberman,RandomForestClassifier,0.65753,0.01206,0.65753,0.03726,0.67123,0.01007,47,1
6,haberman,AdaBoostClassifier,0.65753,0.01107,0.63014,0.06038,0.72603,0.01306,46,2
6,ilpd,BaggingClassifier,0.68531,0.01913,0.68531,0.1097,0.68531,0.0322,76,0
6,ilpd,RandomForestClassifier,0.66434,0.0131,0.66434,0.10567,0.66434,0.03423,77,0
6,ilpd,AdaBoostClassifier,0.67832,0.0131,0.65734,0.29187,0.65734,0.06443,102,0
6,ionosphere,BaggingClassifier,0.94318,0.02418,0.94318,0.00836,0.94318,0.01311,84,0
6,ionosphere,RandomForestClassifier,0.90909,0.01309,0.90909,0.01008,0.90909,0.01812,96,0
6,ionosphere,AdaBoostClassifier,0.88636,0.01511,0.875,0.04825,0.875,0.06035,173,0
6,telescope,BaggingClassifier,0.86122,0.72088,0.86122,45.50809,0.80834,0.67862,212,9
6,telescope,RandomForestClassifier,0.86101,0.23822,0.86101,45.52544,0.79776,0.73575,226,9
6,telescope,AdaBoostClassifier,0.80685,0.12411,0.82166,190.85839,0.58303,1.28117,293,9
6,mammographic_mass,BaggingClassifier,0.66667,0.03904,0.65248,0.13612,0.65248,0.04004,88,0
6,mammographic_mass,RandomForestClassifier,0.70213,0.01201,0.68794,0.14113,0.68794,0.03103,79,0
6,mammographic_mass,AdaBoostClassifier,0.80851,0.01301,0.58865,0.2162,0.58865,0.05205,106,0
6,german_credit,BaggingClassifier,0.688,0.02502,0.688,0.37334,0.688,0.34632,381,0
6,german_credit,RandomForestClassifier,0.684,0.01601,0.684,0.38835,0.684,0.36733,397,0
6,german_credit,AdaBoostClassifier,0.708,0.01902,0.504,0.90282,0.504,0.61656,487,0
6,heart,BaggingClassifier,0.76471,0.01702,0.76471,0.02302,0.76471,0.03803,151,0
6,heart,RandomForestClassifier,0.76471,0.01301,0.76471,0.02302,0.76471,0.05005,173,0
6,heart,AdaBoostClassifier,0.88235,0.01301,0.75,0.03803,0.75,0.07507,197,0
6,satellite,BaggingClassifier,0.89434,0.41638,0.89434,4.36197,0.89434,0.36633,205,0
6,satellite,RandomForestClassifier,0.89994,0.09709,0.89994,4.76734,0.89994,0.35532,205,0
6,satellite,AdaBoostClassifier,0.31448,0.12311,0.1995,78.96911,0.1995,1.37825,345,0
6,vehicle,BaggingClassifier,0.75,0.03103,0.75,0.24823,0.75,0.1071,160,0
6,vehicle,RandomForestClassifier,0.72642,0.01601,0.72642,0.28426,0.72642,0.11711,169,0
6,vehicle,AdaBoostClassifier,0.42925,0.01702,0.42453,1.12703,0.42453,0.30728,250,0
6,vertebral_column,BaggingClassifier,0.79487,0.01601,0.79487,0.02202,0.79487,0.00601,21,0
6,vertebral_column,RandomForestClassifier,0.80769,0.01201,0.80769,0.02302,0.80769,0.00601,22,0
6,vertebral_column,AdaBoostClassifier,0.57692,0.01201,0.47436,0.05805,0.47436,0.00901,35,0
6,wine,BaggingClassifier,0.88889,0.01501,0.88889,0.004,0.88889,0.003,25,0
6,wine,RandomForestClassifier,0.91111,0.01201,0.91111,0.004,0.91111,0.004,31,0
6,wine,AdaBoostClassifier,0.93333,0.01201,0.86667,0.02202,0.86667,0.01201,46,0
7,pima,BaggingClassifier,0.77604,0.02202,0.77604,0.19818,0.80208,0.05705,115,4
7,pima,RandomForestClassifier,0.72396,0.01401,0.72396,0.20819,0.69792,0.05105,106,6
7,pima,AdaBoostClassifier,0.75521,0.01401,0.73958,0.39836,0.72396,0.07607,132,1
7,wdbc,BaggingClassifier,0.91608,0.02803,0.91608,0.01101,0.91608,0.00701,37,0
7,wdbc,RandomForestClassifier,0.97902,0.01401,0.97902,0.01101,0.97902,0.00601,32,0
7,wdbc,AdaBoostClassifier,0.98601,0.01902,0.93706,0.08608,0.93706,0.03103,72,0
7,sonar,BaggingClassifier,0.65385,0.02102,0.65385,0.01501,0.65385,0.03003,125,0
7,sonar,RandomForestClassifier,0.75,0.01201,0.75,0.02202,0.75,0.03904,141,0
7,sonar,AdaBoostClassifier,0.69231,0.01501,0.71154,0.02502,0.71154,0.04204,148,0
7,transfusion,BaggingClassifier,0.64925,0.01702,0.6791,0.1141,0.65672,0.01702,40,1
7,transfusion,RandomForestClassifier,0.63433,0.01301,0.63433,0.1101,0.65672,0.01501,37,4
7,transfusion,AdaBoostClassifier,0.68657,0.01201,0.71642,0.14613,0.71642,0.01401,31,0
7,monk,BaggingClassifier,0.68212,0.02002,0.68212,0.19618,0.68212,0.45642,509,0
7,monk,RandomForestClassifier,0.72185,0.01301,0.72185,0.21219,0.72185,0.45842,521,0
7,monk,AdaBoostClassifier,0.62252,0.01301,0.58278,0.35232,0.58278,0.7687,652,0
7,adult,BaggingClassifier,0.84555,22.85681,0.84555,298.56777,0.84555,18.27063,2145,0
7,adult,RandomForestClassifier,0.84645,5.19373,0.84645,295.6811,0.84645,18.91194,2129,0
7,adult,AdaBoostClassifier,0.85022,16.11294,0.82259,996.20247,0.82259,30.77729,2871,0
7,cardiotocography,BaggingClassifier,0.86389,0.09108,0.86389,0.42839,0.86389,0.25924,327,0
7,cardiotocography,RandomForestClassifier,0.87146,0.02903,0.87146,0.96988,0.87146,0.47343,398,0
7,cardiotocography,AdaBoostClassifier,0.42722,0.05405,0.36484,9.04523,0.36484,2.76952,868,0
7,dermatology,BaggingClassifier,0.95652,0.02102,0.95652,0.003,0.95652,0.00601,51,0
7,dermatology,RandomForestClassifier,0.98913,0.01301,0.98913,0.00901,0.98913,0.01902,98,0
7,dermatology,AdaBoostClassifier,0.55435,0.01601,0.3587,0.14713,0.3587,0.24923,402,0
7,glass,BaggingClassifier,0.74074,0.01301,0.74074,0.03103,0.74074,0.01401,62,0
7,glass,RandomForestClassifier,0.66667,0.01501,0.66667,0.03603,0.66667,0.01501,61,0
7,glass,AdaBoostClassifier,0.55556,0.01201,0.53704,0.06005,0.53704,0.02002,76,0
7,haberman,BaggingClassifier,0.69863,0.01401,0.69863,0.04304,0.69863,0.01501,52,0
7,haberman,RandomForestClassifier,0.71233,0.01001,0.71233,0.04104,0.69863,0.01101,50,2
7,haberman,AdaBoostClassifier,0.73973,0.00901,0.72603,0.07507,0.72603,0.01201,50,5
7,ilpd,BaggingClassifier,0.63636,0.01701,0.63636,0.11811,0.63636,0.03703,81,0
7,ilpd,RandomForestClassifier,0.65734,0.01301,0.65734,0.12211,0.65734,0.03303,77,0
7,ilpd,AdaBoostClassifier,0.63636,0.01301,0.61538,0.24622,0.61538,0.06005,110,0
7,ionosphere,BaggingClassifier,0.89773,0.02302,0.89773,0.01001,0.89773,0.01702,84,0
7,ionosphere,RandomForestClassifier,0.92045,0.01301,0.92045,0.01101,0.92045,0.01401,72,0
7,ionosphere,AdaBoostClassifier,0.90909,0.01501,0.85227,0.05005,0.85227,0.06206,169,0
7,telescope,BaggingClassifier,0.86334,0.69864,0.86334,43.09245,0.81405,0.85178,212,9
7,telescope,RandomForestClassifier,0.86545,0.25723,0.86545,48.72035,0.79078,0.69022,215,9
7,telescope,AdaBoostClassifier,0.80262,0.12411,0.81109,187.96787,0.56907,1.4832,313,9
7,mammographic_mass,BaggingClassifier,0.73759,0.01715,0.73759,0.08557,0.73759,0.03617,83,0
7,mammographic_mass,RandomForestClassifier,0.70922,0.01301,0.70922,0.1141,0.70922,0.03203,90,0
7,mammographic_mass,AdaBoostClassifier,0.77305,0.01201,0.70922,0.25123,0.70922,0.04804,103,0
7,german_credit,BaggingClassifier,0.692,0.02803,0.692,0.4374,0.692,0.43239,401,0
7,german_credit,RandomForestClassifier,0.732,0.01601,0.732,0.53248,0.732,0.4424,404,0
7,german_credit,AdaBoostClassifier,0.756,0.02202,0.468,0.92084,0.468,0.57652,472,0
7,heart,BaggingClassifier,0.79412,0.01601,0.79412,0.03203,0.79412,0.06106,185,0
7,heart,RandomForestClassifier,0.80882,0.01101,0.80882,0.02602,0.80882,0.05105,171,0
7,heart,AdaBoostClassifier,0.83824,0.01201,0.82353,0.04604,0.82353,0.08608,218,0
7,satellite,BaggingClassifier,0.88875,0.39436,0.88875,4.20483,0.88875,0.35833,208,0
7,satellite,RandomForestClassifier,0.89497,0.08207,0.89497,5.18372,0.89497,0.40237,220,0
7,satellite,AdaBoostClassifier,0.68925,0.12311,0.41952,63.29199,0.41952,1.39235,369,0
7,vehicle,BaggingClassifier,0.70283,0.03003,0.70283,0.27925,0.70283,0.10109,177,0
7,vehicle,RandomForestClassifier,0.73113,0.01501,0.73113,0.32129,0.73113,0.13712,202,0
7,vehicle,AdaBoostClassifier,0.58019,0.01501,0.28774,1.04595,0.28774,0.30728,279,0
7,vertebral_column,BaggingClassifier,0.89744,0.01301,0.89744,0.01601,0.89744,0.004,17,0
7,vertebral_column,RandomForestClassifier,0.87179,0.01101,0.87179,0.02002,0.87179,0.005,18,0
7,vertebral_column,AdaBoostClassifier,0.66667,0.01301,0.62821,0.09308,0.71795,0.01301,41,1
7,wine,BaggingClassifier,0.97778,0.01501,0.97778,0.002,0.97778,0.003,29,0
7,wine,RandomForestClassifier,0.95556,0.00901,0.95556,0.003,0.95556,0.002,27,0
7,wine,AdaBoostClassifier,0.93333,0.01001,0.77778,0.01601,0.77778,0.01601,73,0
8,pima,BaggingClassifier,0.83333,0.04004,0.83333,0.21219,0.79167,0.04804,112,5
8,pima,RandomForestClassifier,0.76562,0.01201,0.76562,0.25723,0.75521,0.08107,110,4
8,pima,AdaBoostClassifier,0.76042,0.01301,0.74479,0.4394,0.65104,0.06406,116,3
8,wdbc,BaggingClassifier,0.93706,0.04004,0.93706,0.01001,0.93706,0.005,30,0
8,wdbc,RandomForestClassifier,0.97203,0.01601,0.97203,0.01001,0.97203,0.00701,39,0
8,wdbc,AdaBoostClassifier,0.96503,0.01802,0.95105,0.06005,0.95105,0.04204,62,0
8,sonar,BaggingClassifier,0.73077,0.03703,0.73077,0.02402,0.73077,0.04004,130,0
8,sonar,RandomForestClassifier,0.80769,0.01301,0.80769,0.03003,0.80769,0.03503,127,0
8,sonar,AdaBoostClassifier,0.67308,0.01501,0.71154,0.02702,0.71154,0.04504,143,0
8,transfusion,BaggingClassifier,0.70896,0.01601,0.70896,0.11811,0.70149,0.01702,42,1
8,transfusion,RandomForestClassifier,0.68657,0.01201,0.68657,0.13112,0.68657,0.01501,41,1
8,transfusion,AdaBoostClassifier,0.70896,0.01201,0.72388,0.20218,0.72388,0.01501,33,0
8,monk,BaggingClassifier,0.78808,0.01902,0.78808,0.13412,0.78808,0.30628,423,0
8,monk,RandomForestClassifier,0.72185,0.01301,0.72185,0.16915,0.72185,0.39736,449,0
8,monk,AdaBoostClassifier,0.64901,0.01301,0.61589,0.3343,0.61589,0.74568,656,0
8,adult,BaggingClassifier,0.84391,23.5094,0.84391,280.68126,0.84391,17.51094,2034,0
8,adult,RandomForestClassifier,0.84899,4.97052,0.84907,288.04108,0.84907,19.37996,1955,0
8,adult,AdaBoostClassifier,0.8485,13.34378,0.79472,1229.30737,0.79472,28.23044,3096,0
8,cardiotocography,BaggingClassifier,0.862,0.09309,0.862,0.53749,0.862,0.32329,328,0
8,cardiotocography,RandomForestClassifier,0.85633,0.03803,0.85633,1.06697,0.85633,0.52248,422,0
8,cardiotocography,AdaBoostClassifier,0.48771,0.05605,0.5104,9.37699,0.5104,3.03181,899,0
8,dermatology,BaggingClassifier,0.94565,0.02002,0.94565,0.003,0.94565,0.004,44,0
8,dermatology,RandomForestClassifier,0.91304,0.01201,0.91304,0.01001,0.91304,0.01702,97,0
8,dermatology,AdaBoostClassifier,0.70652,0.01702,0.53261,0.20519,0.53261,0.33531,415,0
8,glass,BaggingClassifier,0.75926,0.01702,0.75926,0.03803,0.75926,0.01101,49,0
8,glass,RandomForestClassifier,0.83333,0.01201,0.83333,0.02202,0.83333,0.01101,50,0
8,glass,AdaBoostClassifier,0.48148,0.01201,0.09259,0.09709,0.09259,0.02002,66,0
8,haberman,BaggingClassifier,0.63014,0.01501,0.63014,0.03803,0.58904,0.01301,46,1
8,haberman,RandomForestClassifier,0.69863,0.01101,0.69863,0.04204,0.69863,0.01501,52,0
8,haberman,AdaBoostClassifier,0.75342,0.01101,0.64384,0.06406,0.61644,0.01501,53,1
8,ilpd,BaggingClassifier,0.72727,0.02002,0.72727,0.13412,0.72727,0.03503,83,0
8,ilpd,RandomForestClassifier,0.6993,0.01401,0.6993,0.13512,0.6993,0.03403,76,0
8,ilpd,AdaBoostClassifier,0.6993,0.01301,0.72028,0.23021,0.72028,0.05605,95,0
8,ionosphere,BaggingClassifier,0.875,0.02202,0.875,0.00901,0.875,0.01501,85,0
8,ionosphere,RandomForestClassifier,0.90909,0.01201,0.90909,0.01301,0.90909,0.01902,92,0
8,ionosphere,AdaBoostClassifier,0.85227,0.01601,0.79545,0.05005,0.79545,0.07106,192,0
8,telescope,BaggingClassifier,0.85974,0.72566,0.85974,45.78787,0.80008,0.72066,221,9
8,telescope,RandomForestClassifier,0.85657,0.24222,0.85657,46.95174,0.79987,0.78872,237,9
8,telescope,AdaBoostClassifier,0.79712,0.13012,0.80601,194.32801,0.73048,1.85269,333,9
8,mammographic_mass,BaggingClassifier,0.68085,0.01712,0.67376,0.11136,0.67376,0.03003,77,0
8,mammographic_mass,RandomForestClassifier,0.67376,0.01301,0.69504,0.1121,0.69504,0.03003,77,0
8,mammographic_mass,AdaBoostClassifier,0.80851,0.01301,0.51773,0.23321,0.51773,0.05605,111,0
8,german_credit,BaggingClassifier,0.696,0.02502,0.696,0.46743,0.696,0.4364,435,0
8,german_credit,RandomForestClassifier,0.708,0.01702,0.708,0.4394,0.708,0.4364,423,0
8,german_credit,AdaBoostClassifier,0.708,0.01802,0.64,0.77971,0.64,0.54149,451,0
8,heart,BaggingClassifier,0.75,0.01601,0.75,0.03403,0.75,0.06906,194,0
8,heart,RandomForestClassifier,0.80882,0.01201,0.80882,0.03103,0.80882,0.06309,189,0
8,heart,AdaBoostClassifier,0.80882,0.01206,0.79412,0.04832,0.79412,0.09058,222,0
8,satellite,BaggingClassifier,0.89497,0.46377,0.89497,5.05892,0.89497,0.36934,214,0
8,satellite,RandomForestClassifier,0.90118,0.08207,0.90118,5.10965,0.90118,0.40737,218,0
8,satellite,AdaBoostClassifier,0.60037,0.12211,0.41579,70.92557,0.41579,1.59845,345,0
8,vehicle,BaggingClassifier,0.75472,0.03203,0.75472,0.29227,0.75472,0.12411,173,0
8,vehicle,RandomForestClassifier,0.78774,0.01601,0.78774,0.34632,0.78774,0.12812,170,0
8,vehicle,AdaBoostClassifier,0.57075,0.01902,0.35377,1.096,0.35377,0.30428,251,0
8,vertebral_column,BaggingClassifier,0.85897,0.01501,0.85897,0.02002,0.83333,0.00601,20,2
8,vertebral_column,RandomForestClassifier,0.76923,0.01201,0.76923,0.02903,0.79487,0.00801,25,1
8,vertebral_column,AdaBoostClassifier,0.71795,0.01201,0.62821,0.09409,0.67949,0.01802,42,3
8,wine,BaggingClassifier,0.86667,0.01401,0.86667,0.003,0.86667,0.004,38,0
8,wine,RandomForestClassifier,0.91111,0.01201,0.91111,0.003,0.91111,0.005,40,0
8,wine,AdaBoostClassifier,0.77778,0.01201,0.68889,0.02102,0.68889,0.01802,86,0
9,pima,BaggingClassifier,0.75,0.02102,0.75,0.2182,0.75521,0.04604,92,5
9,pima,RandomForestClassifier,0.72396,0.01501,0.72396,0.18617,0.70312,0.04604,92,6
9,pima,AdaBoostClassifier,0.6875,0.01501,0.6875,0.3253,0.70833,0.05005,90,3
9,wdbc,BaggingClassifier,0.9021,0.02502,0.9021,0.00701,0.9021,0.004,22,0
9,wdbc,RandomForestClassifier,0.8951,0.01401,0.8951,0.01401,0.8951,0.00701,32,0
9,wdbc,AdaBoostClassifier,0.94406,0.02002,0.93706,0.05905,0.93706,0.01902,53,0
9,sonar,BaggingClassifier,0.67308,0.02302,0.67308,0.01802,0.67308,0.03103,127,0
9,sonar,RandomForestClassifier,0.71154,0.01201,0.71154,0.02002,0.71154,0.03703,133,0
9,sonar,AdaBoostClassifier,0.73077,0.01601,0.71154,0.03003,0.71154,0.04504,137,0
9,transfusion,BaggingClassifier,0.66418,0.01601,0.66418,0.09309,0.64925,0.01201,33,2
9,transfusion,RandomForestClassifier,0.67164,0.01301,0.67164,0.08908,0.67164,0.01201,32,0
9,transfusion,AdaBoostClassifier,0.73881,0.01201,0.70149,0.16415,0.73134,0.01501,30,2
9,monk,BaggingClassifier,0.64901,0.01802,0.64901,0.16315,0.64901,0.34531,436,0
9,monk,RandomForestClassifier,0.65563,0.01301,0.65563,0.16615,0.65563,0.3293,436,0
9,monk,AdaBoostClassifier,0.58278,0.01401,0.56291,0.34331,0.56291,0.74668,626,0
9,adult,BaggingClassifier,0.84932,23.38028,0.8494,296.49929,0.8494,18.32068,2119,0
9,adult,RandomForestClassifier,0.84965,5.14669,0.84973,285.20329,0.84973,15.67783,2087,0
9,adult,AdaBoostClassifier,0.84407,13.21204,0.79062,1163.02634,0.79062,28.44237,3158,0
9,cardiotocography,BaggingClassifier,0.87524,0.09409,0.87524,0.53949,0.87524,0.40337,390,0
9,cardiotocography,RandomForestClassifier,0.87335,0.03003,0.87335,0.95887,0.87335,0.58153,434,0
9,cardiotocography,AdaBoostClassifier,0.50473,0.05505,0.35539,9.2294,0.35539,2.8576,849,0
9,dermatology,BaggingClassifier,0.95652,0.02002,0.95652,0.002,0.95652,0.004,39,0
9,dermatology,RandomForestClassifier,0.96739,0.01201,0.96739,0.00701,0.96739,0.01201,78,0
9,dermatology,AdaBoostClassifier,0.68478,0.01702,0.70652,0.21219,0.70652,0.34932,441,0
9,glass,BaggingClassifier,0.7037,0.01601,0.7037,0.03403,0.7037,0.01301,66,0
9,glass,RandomForestClassifier,0.7963,0.01201,0.7963,0.03503,0.7963,0.01401,65,0
9,glass,AdaBoostClassifier,0.35185,0.01101,0.33333,0.06106,0.33333,0.01802,70,0
9,haberman,BaggingClassifier,0.71233,0.01501,0.71233,0.05005,0.71233,0.01501,55,1
9,haberman,RandomForestClassifier,0.65753,0.01201,0.65753,0.04304,0.64384,0.01301,50,1
9,haberman,AdaBoostClassifier,0.71233,0.01101,0.72603,0.08107,0.68493,0.01702,62,1
9,ilpd,BaggingClassifier,0.64336,0.02002,0.64336,0.14513,0.64336,0.04404,96,0
9,ilpd,RandomForestClassifier,0.62937,0.01401,0.62937,0.15614,0.62937,0.04404,98,0
9,ilpd,AdaBoostClassifier,0.63636,0.01301,0.58042,0.27425,0.58042,0.06506,114,0
9,ionosphere,BaggingClassifier,0.90909,0.02402,0.90909,0.00601,0.90909,0.01001,68,0
9,ionosphere,RandomForestClassifier,0.90909,0.01301,0.90909,0.01001,0.90909,0.01601,87,0
9,ionosphere,AdaBoostClassifier,0.85227,0.01501,0.81818,0.04404,0.81818,0.06506,172,0
9,telescope,BaggingClassifier,0.85572,0.71565,0.85572,44.81315,0.80326,0.66297,212,9
9,telescope,RandomForestClassifier,0.85953,0.25023,0.85953,46.03225,0.80157,0.72066,224,9
9,telescope,AdaBoostClassifier,0.80855,0.12411,0.80982,190.68821,0.40977,1.47884,325,9
9,mammographic_mass,BaggingClassifier,0.65957,0.01641,0.64539,0.12559,0.64539,0.03103,75,0
9,mammographic_mass,RandomForestClassifier,0.67376,0.01301,0.65248,0.13712,0.65248,0.02903,72,0
9,mammographic_mass,AdaBoostClassifier,0.80851,0.01501,0.74468,0.2152,0.74468,0.04404,85,0
9,german_credit,BaggingClassifier,0.724,0.02502,0.724,0.37134,0.724,0.40837,435,0
9,german_credit,RandomForestClassifier,0.728,0.01902,0.728,0.38735,0.728,0.43139,446,0
9,german_credit,AdaBoostClassifier,0.716,0.01601,0.64,0.74868,0.64,0.57252,484,0
9,heart,BaggingClassifier,0.75,0.01601,0.75,0.02002,0.75,0.04204,151,0
9,heart,RandomForestClassifier,0.82353,0.01201,0.82353,0.02102,0.82353,0.04204,157,0
9,heart,AdaBoostClassifier,0.79412,0.01201,0.82353,0.03904,0.82353,0.07607,206,0
9,satellite,BaggingClassifier,0.88191,0.41638,0.88191,4.52912,0.88191,0.37234,207,0
9,satellite,RandomForestClassifier,0.89434,0.08308,0.89434,5.15369,0.89434,0.41438,217,0
9,satellite,AdaBoostClassifier,0.58297,0.12211,0.53076,71.87443,0.53076,1.76961,399,0
9,vehicle,BaggingClassifier,0.70755,0.02903,0.70755,0.33931,0.70755,0.14013,186,0
9,vehicle,RandomForestClassifier,0.7217,0.01601,0.7217,0.35833,0.7217,0.13612,177,0
9,vehicle,AdaBoostClassifier,0.46698,0.01902,0.35377,1.11201,0.35377,0.28826,235,0
9,vertebral_column,BaggingClassifier,0.85897,0.01501,0.85897,0.02402,0.85897,0.00701,21,0
9,vertebral_column,RandomForestClassifier,0.82051,0.01201,0.82051,0.02502,0.83333,0.00801,26,2
9,vertebral_column,AdaBoostClassifier,0.46154,0.01201,0.46154,0.08207,0.66667,0.01702,40,5
9,wine,BaggingClassifier,0.95556,0.01501,0.95556,0.004,0.95556,0.00601,44,0
9,wine,RandomForestClassifier,1.0,0.01101,1.0,0.005,1.0,0.005,46,0
9,wine,AdaBoostClassifier,0.55556,0.01201,0.57778,0.02502,0.57778,0.01802,77,0
10,pima,BaggingClassifier,0.71875,0.02102,0.71875,0.18617,0.70312,0.04204,90,4
10,pima,RandomForestClassifier,0.70312,0.01301,0.70312,0.19618,0.67188,0.03904,84,7
10,pima,AdaBoostClassifier,0.69271,0.01401,0.71875,0.38735,0.63542,0.05505,89,4
10,wdbc,BaggingClassifier,0.96503,0.03003,0.96503,0.01201,0.96503,0.00701,34,0
10,wdbc,RandomForestClassifier,0.97203,0.01501,0.97203,0.01001,0.97203,0.006,34,0
10,wdbc,AdaBoostClassifier,0.97203,0.01802,0.93007,0.09409,0.93007,0.02803,59,0
10,sonar,BaggingClassifier,0.69231,0.02202,0.69231,0.01601,0.69231,0.03003,124,0
10,sonar,RandomForestClassifier,0.73077,0.01201,0.73077,0.02602,0.73077,0.04604,154,0
10,sonar,AdaBoostClassifier,0.73077,0.01501,0.63462,0.02803,0.63462,0.04604,150,0
10,transfusion,BaggingClassifier,0.66418,0.01702,0.65672,0.11611,0.65672,0.01201,34,2
10,transfusion,RandomForestClassifier,0.66418,0.01301,0.66418,0.1111,0.65672,0.01201,32,1
10,transfusion,AdaBoostClassifier,0.70149,0.01201,0.72388,0.19117,0.67164,0.01501,38,6
10,monk,BaggingClassifier,0.64901,0.01802,0.64901,0.20319,0.64901,0.45942,527,0
10,monk,RandomForestClassifier,0.69536,0.01301,0.69536,0.17116,0.69536,0.39236,487,0
10,monk,AdaBoostClassifier,0.65563,0.01301,0.59603,0.30928,0.59603,0.69864,626,0
10,adult,BaggingClassifier,0.8467,22.61259,0.8467,292.60086,0.8467,15.55068,2026,0
10,adult,RandomForestClassifier,0.84727,4.03989,0.84727,244.50362,0.84727,14.49689,1997,0
10,adult,AdaBoostClassifier,0.84817,11.95399,0.79316,1091.19466,0.79316,27.44199,3146,0
10,cardiotocography,BaggingClassifier,0.85633,0.09208,0.85633,0.41438,0.85633,0.29627,326,0
10,cardiotocography,RandomForestClassifier,0.83365,0.02903,0.83365,0.91784,0.83365,0.52848,408,0
10,cardiotocography,AdaBoostClassifier,0.48393,0.05605,0.27221,8.74396,0.27221,2.89263,863,0
10,dermatology,BaggingClassifier,0.96739,0.01902,0.96739,0.005,0.96739,0.00801,64,0
10,dermatology,RandomForestClassifier,0.95652,0.01201,0.95652,0.01301,0.95652,0.02702,125,0
10,dermatology,AdaBoostClassifier,0.80435,0.01602,0.63043,0.23321,0.63043,0.41738,475,0
10,glass,BaggingClassifier,0.68519,0.01501,0.68519,0.02702,0.68519,0.01201,47,0
10,glass,RandomForestClassifier,0.75926,0.01101,0.75926,0.02903,0.75926,0.01401,55,0
10,glass,AdaBoostClassifier,0.64815,0.01301,0.40741,0.07207,0.40741,0.02302,63,0
10,haberman,BaggingClassifier,0.58904,0.01401,0.58904,0.04004,0.58904,0.01401,52,0
10,haberman,RandomForestClassifier,0.65753,0.01201,0.65753,0.03703,0.65753,0.01501,52,0
10,haberman,AdaBoostClassifier,0.65753,0.01101,0.71233,0.06306,0.71233,0.01501,48,0
10,ilpd,BaggingClassifier,0.67832,0.02002,0.67832,0.13712,0.67832,0.04104,76,0
10,ilpd,RandomForestClassifier,0.6993,0.01301,0.6993,0.13212,0.6993,0.04104,74,0
10,ilpd,AdaBoostClassifier,0.72028,0.01301,0.71329,0.19318,0.71329,0.04404,83,0
10,ionosphere,BaggingClassifier,0.92045,0.02202,0.92045,0.00901,0.92045,0.01602,88,0
10,ionosphere,RandomForestClassifier,0.95455,0.01201,0.95455,0.01401,0.95455,0.02102,109,0
10,ionosphere,AdaBoostClassifier,0.92045,0.01501,0.80682,0.04904,0.80682,0.08107,209,0
10,telescope,BaggingClassifier,0.86249,0.71465,0.86249,41.88813,0.80728,0.6606,202,9
10,telescope,RandomForestClassifier,0.86397,0.23621,0.86397,46.0229,0.79543,0.86679,220,9
10,telescope,AdaBoostClassifier,0.81257,0.12812,0.81024,192.28885,0.46837,1.8191,301,9
10,mammographic_mass,BaggingClassifier,0.68085,0.01802,0.65957,0.12411,0.65957,0.03203,85,0
10,mammographic_mass,RandomForestClassifier,0.68794,0.01301,0.66667,0.1101,0.66667,0.03003,77,0
10,mammographic_mass,AdaBoostClassifier,0.75177,0.01401,0.67376,0.2182,0.67376,0.05105,105,0
10,german_credit,BaggingClassifier,0.684,0.02502,0.684,0.36834,0.684,0.36333,383,0
10,german_credit,RandomForestClassifier,0.716,0.01601,0.716,0.43139,0.716,0.41238,421,0
10,german_credit,AdaBoostClassifier,0.692,0.01702,0.604,0.71265,0.604,0.54349,441,0
10,heart,BaggingClassifier,0.83824,0.01501,0.83824,0.03003,0.83824,0.05705,182,0
10,heart,RandomForestClassifier,0.82353,0.01201,0.82353,0.02903,0.82353,0.06106,188,0
10,heart,AdaBoostClassifier,0.79412,0.01201,0.80882,0.04104,0.80882,0.07607,207,0
10,satellite,BaggingClassifier,0.89062,0.41738,0.89062,4.85542,0.89062,0.35632,200,0
10,satellite,RandomForestClassifier,0.89186,0.08408,0.89186,4.27689,0.89186,0.34031,208,0
10,satellite,AdaBoostClassifier,0.64699,0.12411,0.31945,74.46579,0.31945,1.35724,302,0
10,vehicle,BaggingClassifier,0.71226,0.03103,0.71226,0.30127,0.71226,0.12511,184,0
10,vehicle,RandomForestClassifier,0.71226,0.01601,0.71226,0.37935,0.71226,0.14213,192,0
10,vehicle,AdaBoostClassifier,0.58019,0.01601,0.37264,1.16806,0.37264,0.29026,235,0
10,vertebral_column,BaggingClassifier,0.75641,0.01501,0.75641,0.01702,0.75641,0.004,17,0
10,vertebral_column,RandomForestClassifier,0.78205,0.01101,0.78205,0.02903,0.78205,0.00701,21,0
10,vertebral_column,AdaBoostClassifier,0.5641,0.01401,0.67949,0.05805,0.67949,0.00901,24,1
10,wine,BaggingClassifier,0.97778,0.01501,0.97778,0.002,0.97778,0.004,37,0
10,wine,RandomForestClassifier,1.0,0.01101,1.0,0.004,1.0,0.004,37,0
10,wine,AdaBoostClassifier,0.84444,0.01201,0.57778,0.02803,0.57778,0.02302,82,0
